/*
 Navicat Premium Data Transfer

 Source Server         : MyMac
 Source Server Type    : MySQL
 Source Server Version : 50612
 Source Host           : localhost
 Source Database       : slife

 Target Server Type    : MySQL
 Target Server Version : 50612
 File Encoding         : utf-8

 Date: 07/10/2013 10:55:14 AM
*/

SET NAMES utf8;
SET FOREIGN_KEY_CHECKS = 0;

-- ----------------------------
--  Table structure for `Answer`
-- ----------------------------
DROP TABLE IF EXISTS `Answer`;
CREATE TABLE `Answer` (
  `id` bigint(11) NOT NULL AUTO_INCREMENT,
  `student_id` bigint(20) DEFAULT NULL,
  `question_id` bigint(20) DEFAULT NULL,
  `answer` text NOT NULL,
  `rating` int(11) DEFAULT '0',
  `ratingCount` int(11) NOT NULL,
  PRIMARY KEY (`id`),
  KEY `FK752F2BDE8F77231E` (`question_id`),
  KEY `FK752F2BDE5FBB0C36` (`student_id`),
  CONSTRAINT `FK752F2BDE5FBB0C36` FOREIGN KEY (`student_id`) REFERENCES `student` (`id`)
) ENGINE=InnoDB AUTO_INCREMENT=19 DEFAULT CHARSET=utf8;

-- ----------------------------
--  Records of `Answer`
-- ----------------------------
BEGIN;
INSERT INTO `Answer` VALUES ('1', '2', '1', 'i have a room for you', '1', '5'), ('2', '3', '1', 'i have also a room for you', '2', '4'), ('3', '4', '1', 'i search also a room', '3', '1'), ('4', '4', '1', 'we can live together', '4', '1'), ('5', '5', '1', 'i have a room for you at Studentenstadt', '5', '1'), ('6', '4', '1', 'sorry. i have no room for you', '6', '1'), ('7', '1', '11', 'you can live with me together', '0', '0'), ('8', '3', '2', 'at what time will you drive to the TUM', '0', '0'), ('9', '2', '2', 'I drive at 9am', '0', '0'), ('10', '4', '2', 'I want to drive with you', '0', '0'), ('11', '5', '2', 'I want also  to drive with you', '0', '0'), ('12', '5', '9', 'Walther-Meißner-Straße 3, 85748 Garching', '0', '0'), ('13', '4', '6', 'From Tuesday 21 May to expected Sunday 25 August', '0', '0'), ('14', '5', '5', 'I have a room for you in Großhadern', '0', '0'), ('15', '1', '5', 'Thank you. I will take it', '0', '0'), ('16', '4', '4', 'you can check it at http://www.mvv-muenchen.de/ ', '0', '0'), ('17', '3', '11', 'I will be at this tim in vacation. So you can live here for free.', '0', '0'), ('18', '4', '11', 'That would be cool', '0', '0');
COMMIT;

-- ----------------------------
--  Table structure for `Student`
-- ----------------------------
DROP TABLE IF EXISTS `Student`;
CREATE TABLE `Student` (
  `id` bigint(11) NOT NULL AUTO_INCREMENT,
  `firstName` varchar(50) DEFAULT NULL,
  `lastName` varchar(50) DEFAULT NULL,
  `birthDate` varchar(20) DEFAULT NULL,
  `university` int(11) DEFAULT NULL,
  `address` varchar(100) DEFAULT NULL,
  `phonenumber` varchar(15) DEFAULT NULL,
  `email` varchar(150) DEFAULT NULL,
  `image` varchar(300) DEFAULT NULL,
  `password` varchar(100) DEFAULT NULL,
  `confirmationCode` varchar(255) DEFAULT NULL,
  `dateOfBirth` varchar(255) DEFAULT NULL,
  `levelOfStudy` varchar(255) DEFAULT NULL,
  `postalCode` int(11) NOT NULL,
  `pwHash` varchar(255) DEFAULT NULL,
  `recoverPasswordCode` varchar(255) DEFAULT NULL,
  `roles` tinyblob,
  `street` varchar(255) DEFAULT NULL,
  PRIMARY KEY (`id`)
) ENGINE=InnoDB AUTO_INCREMENT=17 DEFAULT CHARSET=utf8;

-- ----------------------------
--  Records of `Student`
-- ----------------------------
BEGIN;
INSERT INTO `Student` VALUES ('1', 'Al-waleed', 'Shihadeh', null, '1', null, '9879721', 'wshihadeh@live.com', null, null, '', '333', null, '0', '$2a$10$2CQ35IofMaMFkAlUeEHEz.Ycyzg2K/Gm7M4BZlVkWW4GjPB7YtatK', null, 0xaced0005737200136a6176612e7574696c2e41727261794c6973747881d21d99c7619d03000149000473697a6578700000000077040000000a78, 'eee'), ('2', 'Max', 'Shihadeh', null, '1', null, '9879721', 'max@live.com', null, null, '', null, null, '0', '$2a$10$2CQ35IofMaMFkAlUeEHEz.Ycyzg2K/Gm7M4BZlVkWW4GjPB7YtatK', null, 0xaced0005737200136a6176612e7574696c2e41727261794c6973747881d21d99c7619d03000149000473697a6578700000000077040000000a78, 'eee'), ('3', 'Mohmmad', 'Shihadeh', null, '1', null, '9879721', 'moh@live.com', null, null, '', null, null, '0', '$2a$10$2CQ35IofMaMFkAlUeEHEz.Ycyzg2K/Gm7M4BZlVkWW4GjPB7YtatK', null, 0xaced0005737200136a6176612e7574696c2e41727261794c6973747881d21d99c7619d03000149000473697a6578700000000077040000000a78, 'eee'), ('4', 'Habib', 'Shihadeh', null, '1', null, '9879721', 'hab@live.com', null, null, '', null, null, '0', '$2a$10$2CQ35IofMaMFkAlUeEHEz.Ycyzg2K/Gm7M4BZlVkWW4GjPB7YtatK', null, 0xaced0005737200136a6176612e7574696c2e41727261794c6973747881d21d99c7619d03000149000473697a6578700000000077040000000a78, 'eee'), ('5', 'sami', 'Shihadeh', null, '1', null, '9879721', 'sam@live.com', null, null, '', null, null, '0', '$2a$10$2CQ35IofMaMFkAlUeEHEz.Ycyzg2K/Gm7M4BZlVkWW4GjPB7YtatK', null, 0xaced0005737200136a6176612e7574696c2e41727261794c6973747881d21d99c7619d03000149000473697a6578700000000077040000000a78, 'eee'), ('6', 'nizar', 'Shihadeh', null, '1', null, '9879721', 'niz@live.com', null, null, '', null, null, '0', '$2a$10$2CQ35IofMaMFkAlUeEHEz.Ycyzg2K/Gm7M4BZlVkWW4GjPB7YtatK', null, 0xaced0005737200136a6176612e7574696c2e41727261794c6973747881d21d99c7619d03000149000473697a6578700000000077040000000a78, 'eee'), ('7', 'hasan', 'Shihadeh', null, '1', null, '9879721', 'has@live.com', null, null, '', null, null, '0', '$2a$10$2CQ35IofMaMFkAlUeEHEz.Ycyzg2K/Gm7M4BZlVkWW4GjPB7YtatK', null, 0xaced0005737200136a6176612e7574696c2e41727261794c6973747881d21d99c7619d03000149000473697a6578700000000077040000000a78, 'eee'), ('8', 'jack', 'Shihadeh', null, '1', null, '9879721', 'jac@live.com', null, null, '', null, null, '0', '$2a$10$2CQ35IofMaMFkAlUeEHEz.Ycyzg2K/Gm7M4BZlVkWW4GjPB7YtatK', null, 0xaced0005737200136a6176612e7574696c2e41727261794c6973747881d21d99c7619d03000149000473697a6578700000000077040000000a78, 'eee');
COMMIT;

-- ----------------------------
--  Table structure for `ad`
-- ----------------------------
DROP TABLE IF EXISTS `ad`;
CREATE TABLE `ad` (
  `id` bigint(11) NOT NULL AUTO_INCREMENT,
  `student_id` bigint(20) DEFAULT NULL,
  `category_id` bigint(20) DEFAULT NULL,
  `headline` varchar(250) DEFAULT NULL,
  `image` varchar(300) DEFAULT NULL,
  `description` text,
  `createDate` varchar(20) DEFAULT NULL,
  `link` varchar(300) DEFAULT NULL,
  `address` varchar(300) DEFAULT NULL,
  PRIMARY KEY (`id`),
  KEY `FK8435FBB0C36` (`student_id`),
  CONSTRAINT `FK8435FBB0C36` FOREIGN KEY (`student_id`) REFERENCES `student` (`id`)
) ENGINE=InnoDB AUTO_INCREMENT=805 DEFAULT CHARSET=utf8;

-- ----------------------------
--  Records of `ad`
-- ----------------------------
BEGIN;
INSERT INTO `ad` VALUES ('758', '2', '3', 'Celebration of Christmas ', 'ad-5873668942404989004.jpg', 'Celebration of Christmas will be held on next Sunday in 25.12.13. Programme will start in 3 p.m at TUM. No entry fee for Students ', '2013-06-27', 'http://www.123rf.com/stock-photo/party.html', 'TUM'), ('759', '3', '2', 'Happy New Year Celebration', 'ad-589700998755088080.jpg', 'Happy New Year Celebration will be held on next Sunday in 01.01.14. Programme will start in 3pm at TUM. No entry fee for Students', '2013-06-27', 'http://www.123rf.com/stock-photo/party.html', 'TUM ,Munich'), ('760', '4', '2', 'Special Night', 'ad-5556778574470378991.jpg', 'Special Night will be held on next Sunday in 25.12.13. Programme will start in 3pm at TUM. No entry fee for Students', '2013-06-27', 'http://www.123rf.com/stock-photo/party.html', 'TUM, Munich'), ('761', '5', '4', 'Drinks and Barbecue', 'ad-6490103564025446706.jpg', 'Drinks and Barbecue will be held on next Sunday in 20.10.13. Programme will start in 3pm at Studentsadt. No entry fee for Students', '2013-06-27', 'http://www.123rf.com/stock-photo/party.html', 'Studentsadt'), ('762', '6', '2', 'Party for Enjoy', 'ad-2469828906217762569.jpg', 'Party for Enjoy will be held on next Sunday in 25.12.13. Programme will start in 3pm at TUM. No entry fee for Students', '2013-06-27', 'http://www.123rf.com/stock-photo/party.html', 'TUM,Munich'), ('763', '7', '4', 'Night Beach Party', 'ad-1059620579678464810.jpg', 'Night Beach Party will be held on next Sunday in 5.18.13. Programme will start in 3pm at HauptBanhof. No entry fee for Students', '2013-06-27', 'http://www.123rf.com/stock-photo/party.html', 'HauptBanhof'), ('764', '1', '2', 'Music for all', 'ad-6845530858341097232.jpg', 'Music for all will be held on next Sunday in 2.11.13. Programme will start in 3pm at Infromatik. No entry fee for Students', '2013-06-27', 'http://www.123rf.com/stock-photo/party.html', 'Infromatik'), ('765', '1', '1', 'Sports for Enjoy', 'ad-2562833834709321450.png', 'Sports for Enjoy will be held on next Sunday in 5.9.13. Programme will start in 3pm at Garching. No entry fee for Students', '2013-06-27', 'http://www.123rf.com/stock-photo/party.html', 'Garching'), ('766', '1', '1', 'Sports for student', 'ad-7656540225250277573.png', 'Sports for student will be held on next Sunday in 21.7.13. Programme will start in 3pm at Ferising. No entry fee for Students', '2013-06-27', 'http://www.123rf.com/stock-photo/party.html', 'Ferising'), ('767', '1', '4', 'Coffee party', 'ad-7571050838346822746.png', 'Coffee party will be held on next Sunday in 30.11.13. Programme will start in 3pm at Alte Heide. No entry fee for Students', '2013-06-27', 'http://www.123rf.com/stock-photo/party.html', 'Alte Heide'), ('768', '1', '3', 'Favorite Party', 'ad-195115577424871112.jpg', 'Favorite Party will be held on next Sunday in 4.9.13. Programme will start in 3pm at TUM. No entry fee for Students', '2013-06-27', 'http://www.123rf.com/stock-photo/party.html', 'TUM,Munich'), ('770', '1', '1', 'Game watch together', 'ad-1470962931466078169.png', 'Game watch together will be held on next Sunday in 7.11.13. Programme will start in 3pm at Klinikum Grosshadern. No entry fee for Students', '2013-06-27', 'http://www.123rf.com/stock-photo/party.html', 'Klinikum Grosshadern'), ('771', '2', '1', 'Swimming for enjoy', 'ad-3738302075827148224.png', 'Swimming for enjoy will be held on next Sunday in 25.12.13. Programme will start in 3pm at Studentsadt. No entry fee for Students', '2013-06-27', 'http://www.123rf.com/stock-photo/party.html', 'Studentsadt'), ('772', '2', '4', 'Music with Barbecue', 'ad-6713235053983552322.jpg', 'Music with Barbecue will be held on next Sunday in 25.12.13. Programme will start in 3pm at Studentsadt. No entry fee for Students', '2013-06-27', 'http://www.123rf.com/stock-photo/party.html', 'Studentsadt'), ('773', '2', '4', 'Music in the Ground', 'ad-3803187079547256392.jpg', 'Music in the Ground will be held on next Sunday in 25.12.13. Programme will start in 3pm at Keiferngarten. No entry fee for Students', '2013-06-27', 'http://www.123rf.com/stock-photo/party.html', 'Keiferngarten'), ('774', '2', '2', 'party for students', 'ad-920496002307291729.png', 'party for students will be held on next Sunday in 25.12.13. Programme will start in 3pm at TUM. No entry fee for Students', '2013-06-27', 'http://www.123rf.com/stock-photo/party.html', 'TUM,Munich'), ('775', '2', '4', 'Drink with us', 'ad-5423077649844328396.jpg', 'Drink with us will be held on next Sunday in 07.10.13. Programme will start in 3pm at Ferising. No entry fee for Students', '2013-06-27', 'http://www.123rf.com/stock-photo/party.html', 'Ferising'), ('776', '2', '2', 'enjoy with all', 'ad-5340310581280412992.jpg', 'enjoy with all will be held on next Sunday in 25.12.13. Programme will start in 3pm at Alte Heide. No entry fee for Students', '2013-06-27', 'http://www.123rf.com/stock-photo/party.html', 'Alte Heide'), ('777', '2', '3', 'International Day', 'ad-1495571994478119232.png', 'International Day will be held on next Sunday in 25.10.13. Programme will start in 3pm at TUM. No entry fee for Students', '2013-06-27', 'http://www.123rf.com/stock-photo/party.html', 'TUM,Munich'), ('778', '3', '3', 'New Party at TUM', 'ad-1643854653555007830.png', 'Celebration of ChristmasNew Party at TUM25.12.13. Programme will start in 3pm at TUM. No entry fee for Students', '2013-06-27', 'http://www.123rf.com/stock-photo/party.html', 'TUM,Munich'), ('779', '3', '3', 'Social Event', 'ad-1651639656584257247.jpg', 'Social Event will be held on next Sunday in 25.12.13. Programme will start in 3pm at TUM. No entry fee for Students', '2013-06-27', 'http://www.123rf.com/stock-photo/party.html', 'TUM,Munich'), ('780', '3', '3', 'Music Party', 'ad-4967072314513976130.png', 'Music Party will be held on next Sunday in 25.12.13. Programme will start in 3pm at TUM. No entry fee for Students', '2013-06-27', 'http://www.123rf.com/stock-photo/party.html', 'TUM,Munich'), ('781', '3', '3', 'Party Party Party only', 'ad-6296430316463818522.jpg', 'Party Party Party only will be held on next Sunday in 25.1.14. Programme will start in 3pm at TUM. No entry fee for Students', '2013-06-27', 'http://www.123rf.com/stock-photo/party.html', 'TUM,Munich'), ('782', '3', '1', 'Sports with Drinks', 'ad-4605339998574885106.png', 'Sports with Drinks will be held on next Sunday in 25.12.13. Programme will start in 3pm at Alte Heide. No entry fee for Students\r\n', '2013-06-27', 'http://www.123rf.com/stock-photo/party.html', 'Alte Heide'), ('783', '3', '1', 'Sports for student', 'ad-7594811816628678315.png', 'Sports for student will be held on next Sunday in 9.9.13. Programme will start in 3pm at Garching. No entry fee for Students', '2013-06-27', 'http://www.123rf.com/stock-photo/party.html', 'Garching'), ('784', '3', '1', 'Hello Party', 'ad-6414872176389352041.jpg', 'CHello Party  will be held on next Sunday in 25.12.13. Programme will start in 3pm at TUM. No entry fee for Students', '2013-06-27', 'http://www.123rf.com/stock-photo/party.html', 'TUM,Munich'), ('785', '3', '1', 'Enjoy Party ABC', 'ad-6715936727306797837.png', 'Enjoy Party ABC will be held on next Sunday in 5.08.13. Programme will start in 3pm at Ferising. No entry fee for Students', '2013-06-27', 'http://www.123rf.com/stock-photo/party.html', 'Ferising'), ('786', '3', '1', 'Party for Everyone', 'ad-5975180312021438036.png', 'Party for Everyone will be held on next Sunday in 25.12.13. Programme will start in 3pm at TUM. No entry fee for Students', '2013-06-27', 'http://www.123rf.com/stock-photo/party.html', 'TUM,Munich'), ('787', '3', '4', 'Barbecue and Beer', 'ad-7464600928329720981.png', 'Barbecue and Beer will be held on next Sunday in 25.12.13. Programme will start in 3pm at Ferising. No entry fee for Students', '2013-06-27', 'http://www.123rf.com/stock-photo/party.html', 'Ferising'), ('788', '3', '2', 'Let Us make a Party', 'ad-5732262852179960637.jpg', 'Let Us make a Party will be held on next Sunday in 25.12.13. Programme will start in 3pm at Studentsadt. No entry fee for Students', '2013-06-27', 'http://www.123rf.com/stock-photo/party.html', 'Studentsadt'), ('789', '3', '1', 'Games For New People', 'ad-8115083888695825710.jpg', 'Games For New People will be held on next Sunday in 34.09.13. Programme will start in 3pm at TUM. No entry fee for Students', '2013-06-27', 'http://www.123rf.com/stock-photo/party.html', 'Garching'), ('790', '1', '1', 'Game watch together', 'ad-476144259140669840.jpg', 'Game watch will be held on next Sunday in 05.9.13. Programme will start in 3pm at HauptBanhof. No entry fee for Students', '2013-06-27', 'http://www.123rf.com/stock-photo/party.html', 'HauptBanhof'), ('791', '1', '2', 'Social party', 'ad-1362450531774051185.png', 'Social party will be held on next Sunday in 1.9.13. Programme will start in 12pm at Garching. No entry fee for Students', '2013-06-27', 'http://www.123rf.com/stock-photo/party.html', 'Garching'), ('792', '1', '1', 'Coffee party', 'ad-8661002245905305398.png', 'Coffee party will be held on next Sunday in 7.12.13. Programme will start in 3pm at Ferising. No entry fee for Students', '2013-06-27', 'http://www.123rf.com/stock-photo/party.html', 'Ferising'), ('793', '1', '2', 'Party Party Party only', 'ad-103591271437318222.jpg', 'Party Party Party only will be held on next Sunday in 8.7.13. Programme will start in 3pm at Alte Heide. No entry fee for Students', '2013-06-27', 'http://www.123rf.com/stock-photo/party.html', 'Alte Heide'), ('794', '4', '2', 'social together', 'ad-6646567045898205281.png', 'social together will be held on next Sunday in 5.8.13. Programme will start in 3pm at Studentsadt. No entry fee for Students', '2013-06-27', 'http://www.123rf.com/stock-photo/party.html', 'Studentsadt'), ('795', '4', '1', 'party for students', 'ad-2656241333021003536.jpg', 'party for students will be held on next Sunday in 5.9.13. Programme will start in 3pm at Garching. No entry fee for Students', '2013-06-27', 'http://www.123rf.com/stock-photo/party.html', 'Garching'), ('796', '1', '2', 'Party for Everyone', 'ad-7421609506041096088.png', 'Party for Everyone will be held on next Sunday in 25.12.13. Programme will start in 3pm at Studentsadt. No entry fee for Students', '2013-06-27', 'http://www.123rf.com/stock-photo/party.html', 'Studentsadt'), ('797', '3', '3', 'Social party', 'ad-725979248705017433.jpg', 'Social party will be held on next Sunday in 25.12.13. Programme will start in 3pm at Studentsadt. No entry fee for Students', '2013-06-27', 'http://www.123rf.com/stock-photo/party.html', 'Studentsadt'), ('798', '4', '3', 'Special Night', 'ad-253244430674178531.png', 'Special Night will be held on next Sunday in 25.12.13. Programme will start in 3pm at TUM. No entry fee for Students', '2013-06-27', 'http://www.123rf.com/stock-photo/party.html', 'TUM'), ('799', '1', '3', 'Let Us make a Party', 'ad-5193745715159089651.jpg', 'Let Us make a Party will be held on next Sunday in 25.12.13. Programme will start in 3pm at Ferising. No entry fee for Students', '2013-06-27', 'http://www.123rf.com/stock-photo/party.html', 'Ferising'), ('800', '4', '3', 'University Party', 'ad-3586661585171415374.jpg', 'University Party will be held on next Sunday in 2.12.13. Programme will start in 3pm at TUM. No entry fee for Students', '2013-06-27', 'http://www.123rf.com/stock-photo/party.html', 'TUM ,Munich'), ('801', '4', '4', 'Party for Enjoy', 'ad-1036345227221598698.jpg', 'Party for Enjoy will be held on next Sunday in 25.12.13. Programme will start in 3pm at TUM. No entry fee for Students', '2013-06-27', 'http://www.123rf.com/stock-photo/party.html', 'TUM,Munich'), ('802', '4', '4', 'social together', 'ad-8096635086718671153.png', 'social together  will be held on next Sunday in 25.12.13. Programme will start in 3pm at Alte Heide. No entry fee for Students', '2013-06-27', 'http://www.123rf.com/stock-photo/party.html', 'Alte Heide'), ('803', '4', '4', 'Party Party Party only', 'ad-9092988476741907294.jpg', 'Party Party Party only will be held on next Sunday in 25.12.13. Programme will start in 3pm at TUM. No entry fee for Students', '2013-06-27', 'http://www.123rf.com/stock-photo/party.html', 'TUM,Munich');
COMMIT;

-- ----------------------------
--  Table structure for `auction`
-- ----------------------------
DROP TABLE IF EXISTS `auction`;
CREATE TABLE `auction` (
  `id` int(11) DEFAULT NULL,
  `dueDate` varchar(30) DEFAULT NULL,
  `saleoffer_id` int(11) DEFAULT NULL
) ENGINE=InnoDB DEFAULT CHARSET=latin1;

-- ----------------------------
--  Table structure for `category`
-- ----------------------------
DROP TABLE IF EXISTS `category`;
CREATE TABLE `category` (
  `id` int(11) NOT NULL AUTO_INCREMENT,
  `categoryType_id` bigint(20) DEFAULT NULL,
  `name` varchar(100) DEFAULT NULL,
  PRIMARY KEY (`id`),
  KEY `FK6DD211EDDE80BFE` (`categoryType_id`)
) ENGINE=MyISAM AUTO_INCREMENT=33 DEFAULT CHARSET=utf8;

-- ----------------------------
--  Records of `category`
-- ----------------------------
BEGIN;
INSERT INTO `category` VALUES ('1', '1', 'Sport Events'), ('2', '1', 'Social Events'), ('3', '1', 'University'), ('4', '1', 'Barbecue'), ('5', '2', 'Munich'), ('6', '2', 'Garching'), ('7', '2', 'kefergarden'), ('8', '2', 'Studentenstadt'), ('9', '4', 'Computers'), ('10', '4', 'Phones'), ('11', '4', 'Sport'), ('12', '4', 'Furniture'), ('13', '4', 'Music'), ('14', '4', 'Books'), ('15', '4', 'Electronics'), ('16', '3', 'TUM'), ('17', '3', 'LMU'), ('18', '3', 'Transportation'), ('20', '2', 'All Munich'), ('21', '2', 'Heidemannstra\'dfe'), ('22', '2', 'Josef-Wirth-Weg'), ('23', '2', 'Studentenstadt Freimann'), ('24', '2', 'Adalbertstra\'dfe'), ('25', '2', 'Agnes-/Adelheidstra\'dfe'), ('26', '2', 'Biedersteiner Stra\'dfe'), ('27', '2', 'Dachauer Stra\'dfe'), ('28', '2', 'Kaulbachstra\'dfe'), ('30', '2', 'Lothstra\'dfe'), ('31', '2', 'Schwere-Reiter-Stra\'dfe'), ('29', '2', 'T\'fcrkenstra\'dfe');
COMMIT;

-- ----------------------------
--  Table structure for `categorytype`
-- ----------------------------
DROP TABLE IF EXISTS `categorytype`;
CREATE TABLE `categorytype` (
  `id` int(11) NOT NULL AUTO_INCREMENT,
  `name` varchar(100) DEFAULT NULL,
  PRIMARY KEY (`id`)
) ENGINE=InnoDB AUTO_INCREMENT=5 DEFAULT CHARSET=utf8;

-- ----------------------------
--  Records of `categorytype`
-- ----------------------------
BEGIN;
INSERT INTO `categorytype` VALUES ('1', 'Ads Categories'), ('2', 'Rent Offers'), ('3', 'Discution'), ('4', 'Trade');
COMMIT;

-- ----------------------------
--  Table structure for `question`
-- ----------------------------
DROP TABLE IF EXISTS `question`;
CREATE TABLE `question` (
  `id` bigint(11) NOT NULL AUTO_INCREMENT,
  `student_id` bigint(20) DEFAULT NULL,
  `category_id` bigint(20) DEFAULT NULL,
  `question` text,
  PRIMARY KEY (`id`),
  KEY `FKBE5CA0065FBB0C36` (`student_id`)
) ENGINE=InnoDB AUTO_INCREMENT=12 DEFAULT CHARSET=utf8;

-- ----------------------------
--  Records of `question`
-- ----------------------------
BEGIN;
INSERT INTO `question` VALUES ('1', '2', '16', 'Hey, i need a room in Munich'), ('2', '2', '16', 'I will drive from Studentenstadt to TUM with the car. \r\nWill someone join me?'), ('3', '3', '16', 'What are the opening times of the infopoint?'), ('4', '2', '16', 'what are the departure times of the u6 from the studentenstadt?'), ('5', '1', '17', 'I\'m new in Munich and looking for an accommodation'), ('6', '3', '17', 'how long will be the construction work of the U6?'), ('7', '1', '17', 'Hi, i\'m new at the LMU. Where can i find the matriculation office?'), ('8', '1', '18', 'I\'m studying psychology. which subjects should I choose?'), ('9', '3', '18', 'Where can I get my bachelor certificate?'), ('10', '3', '18', 'how should I leave my apartment when I move out?'), ('11', '4', '18', 'i search an accomodation from the 1th of August until the 1th September. Can you help me?');
COMMIT;

-- ----------------------------
--  Table structure for `rentoffer`
-- ----------------------------
DROP TABLE IF EXISTS `rentoffer`;
CREATE TABLE `rentoffer` (
  `id` bigint(11) NOT NULL AUTO_INCREMENT,
  `student_id` bigint(20) DEFAULT NULL,
  `category_id` bigint(20) DEFAULT NULL,
  `headline` varchar(250) DEFAULT NULL,
  `description` text,
  `image` varchar(300) DEFAULT NULL,
  `pricePerNight` float DEFAULT NULL,
  `startDate` varchar(20) DEFAULT NULL,
  `endDate` varchar(20) DEFAULT NULL,
  `isRented` int(11) DEFAULT NULL,
  `IsRentedBy_id` bigint(20) DEFAULT NULL,
  PRIMARY KEY (`id`),
  KEY `FKFF2B0A83FA266C1E` (`category_id`),
  KEY `FKFF2B0A835FBB0C36` (`student_id`),
  KEY `FKFF2B0A83EB283298` (`IsRentedBy_id`)
) ENGINE=MyISAM AUTO_INCREMENT=112 DEFAULT CHARSET=utf8;

-- ----------------------------
--  Records of `rentoffer`
-- ----------------------------
BEGIN;
INSERT INTO `rentoffer` VALUES ('3', '1', '21', 'Paul-Heyse-Stra\'dfe 24', 'perfect room :-) <br/> contact Data <br/> +49 179 1232311 <br/> personal1.contact2013@gamail.com ', 'ro-7126788392314194061.png', '40', '12.09.2013', '25.01.2014', '1', '1'), ('4', '1', '22', 'City center Schillerstra\'dfe 28', '<br/> contact Data <br/> +49 179 1232311 <br/> personal1.contact2013@gamail.com  Please do not make any mess in the room if you want to rent it. Thank you', 'ro-3741211621866758646.jpg', '35', '2013-06-21', '2013-07-21', '1', '1'), ('43', '1', '23', 'City center Schillerstra\'dfe 28', '<br/> contact Data <br/> +49 179 1232311 <br/> personal1.contact2013@gamail.com  Please do not make any mess in the room if you want to rent it. Thank you', 'ro-3741211621866758646.jpg', '35', '2013-06-21', '2013-07-21', '1', '1'), ('44', '1', '24', 'Christoph-Probst-Stra\'dfe 10', 'Nice room and its too close to Englischer gerden <br/> contact Data <br/> +49 179 1232311 <br/> personal1.contact2013@gamail.com ', 'ro-7126788392314194061.png', '35', '2013-07-21', '2013-09-21', '1', '1'), ('45', '1', '29', 'City center Schillerstra\'dfe 6', 'The room contains a bed, one desk and it is in the third floor without lift <br/> contact Data <br/> +49 179 1232311 <br/> personal1.contact2013@gamail.com ', 'room.jpg', '22', '2013-07-21', '2013-08-21', '1', '1'), ('8', '1', '25', 'Christoph-Probst-Stra\'dfe 10', 'Nice room and its too close to Englischer gerden <br/> contact Data <br/> +49 179 1232311 <br/> personal1.contact2013@gamail.com ', 'ro-7126788392314194061.png', '35', '2013-07-21', '2013-09-21', '1', '1'), ('9', '1', '26', 'City center Schillerstra\'dfe 6', 'The room contains a bed, one desk and it is in the third floor without lift <br/> contact Data <br/> +49 179 1232311 <br/> personal1.contact2013@gamail.com ', 'room.jpg', '22', '2013-07-21', '2013-08-21', '1', '1'), ('10', '1', '21', 'Paul-Heyse-Stra\'dfe 24', 'perfect room :-) <br/> contact Data <br/> +49 179 1232311 <br/> personal1.contact2013@gamail.com ', 'ro-3741211621866758646 copy.jpg', '40', '12.09.2013', '25.01.2014', '1', '1'), ('37', '1', '21', 'Paul-Heyse-Stra\'dfe 24', 'perfect room :-) <br/> contact Data <br/> +49 179 1232311 <br/> personal1.contact2013@gamail.com ', 'ro-7126788392314194061.png', '40', '12.09.2013', '25.01.2014', '1', '1'), ('38', '1', '22', 'City center Schillerstra\'dfe 28', '<br/> contact Data <br/> +49 179 1232311 <br/> personal1.contact2013@gamail.com  Please do not make any mess in the room if you want to rent it. Thank you', 'ro-3741211621866758646.jpg', '35', '2013-06-21', '2013-07-21', '1', '1'), ('39', '1', '25', 'Christoph-Probst-Stra\'dfe 10', 'Nice room and its too close to Englischer gerden <br/> contact Data <br/> +49 179 1232311 <br/> personal1.contact2013@gamail.com ', 'ro-7126788392314194061.png', '35', '2013-07-21', '2013-09-21', '1', '1'), ('40', '1', '29', 'City center Schillerstra\'dfe 6', 'The room contains a bed, one desk and it is in the third floor without lift <br/> contact Data <br/> +49 179 1232311 <br/> personal1.contact2013@gamail.com ', 'room.jpg', '22', '2013-07-21', '2013-08-21', '1', '1'), ('41', '1', '21', 'Paul-Heyse-Stra\'dfe 24', 'perfect room :-) <br/> contact Data <br/> +49 179 1232311 <br/> personal1.contact2013@gamail.com ', 'ro-3741211621866758646 copy.jpg', '40', '12.09.2013', '25.01.2014', '1', '1'), ('42', '1', '21', 'Paul-Heyse-Stra\'dfe 24', 'perfect room :-) <br/> contact Data <br/> +49 179 1232311 <br/> personal1.contact2013@gamail.com ', 'ro-7126788392314194061.png', '40', '12.09.2013', '25.01.2014', '1', '1'), ('46', '1', '21', 'Paul-Heyse-Stra\'dfe 24', 'perfect room :-) <br/> contact Data <br/> +49 179 1232311 <br/> personal1.contact2013@gamail.com ', 'ro-3741211621866758646 copy.jpg', '40', '12.09.2013', '25.01.2014', '1', '1'), ('47', '1', '21', 'Paul-Heyse-Stra\'dfe 24', 'perfect room :-) <br/> contact Data <br/> +49 179 1232311 <br/> personal1.contact2013@gamail.com ', 'ro-7126788392314194061.png', '40', '12.09.2013', '25.01.2014', '1', '1'), ('48', '1', '22', 'City center Schillerstra\'dfe 28', '<br/> contact Data <br/> +49 179 1232311 <br/> personal1.contact2013@gamail.com  Please do not make any mess in the room if you want to rent it. Thank you', 'ro-3741211621866758646.jpg', '35', '2013-06-21', '2013-07-21', '1', '1'), ('49', '1', '25', 'Christoph-Probst-Stra\'dfe 10', 'Nice room and its too close to Englischer gerden <br/> contact Data <br/> +49 179 1232311 <br/> personal1.contact2013@gamail.com ', 'ro-7126788392314194061.png', '35', '2013-07-21', '2013-09-21', '1', '1'), ('50', '1', '29', 'City center Schillerstra\'dfe 6', 'The room contains a bed, one desk and it is in the third floor without lift <br/> contact Data <br/> +49 179 1232311 <br/> personal1.contact2013@gamail.com ', 'room.jpg', '22', '2013-07-21', '2013-08-21', '1', '1'), ('51', '1', '21', 'Paul-Heyse-Stra\'dfe 24', 'perfect room :-) <br/> contact Data <br/> +49 179 1232311 <br/> personal1.contact2013@gamail.com ', 'ro-3741211621866758646 copy.jpg', '40', '12.09.2013', '25.01.2014', '1', '1'), ('52', '1', '21', 'Paul-Heyse-Stra\'dfe 24', 'perfect room :-) <br/> contact Data <br/> +49 179 1232311 <br/> personal1.contact2013@gamail.com ', 'ro-7126788392314194061.png', '40', '12.09.2013', '25.01.2014', '1', '1'), ('53', '1', '22', 'City center Schillerstra\'dfe 28', '<br/> contact Data <br/> +49 179 1232311 <br/> personal1.contact2013@gamail.com  Please do not make any mess in the room if you want to rent it. Thank you', 'ro-3741211621866758646.jpg', '35', '2013-06-21', '2013-07-21', '1', '1'), ('54', '1', '22', 'City center Schillerstra\'dfe 28', '<br/> contact Data <br/> +49 179 1232311 <br/> personal1.contact2013@gamail.com  Please do not make any mess in the room if you want to rent it. Thank you', 'ro-3741211621866758646.jpg', '35', '2013-06-21', '2013-07-21', '1', '1'), ('55', '1', '25', 'Christoph-Probst-Stra\'dfe 10', 'Nice room and its too close to Englischer gerden <br/> contact Data <br/> +49 179 1232311 <br/> personal1.contact2013@gamail.com ', 'ro-7126788392314194061.png', '35', '2013-07-21', '2013-09-21', '1', '1'), ('56', '1', '29', 'City center Schillerstra\'dfe 6', 'The room contains a bed, one desk and it is in the third floor without lift <br/> contact Data <br/> +49 179 1232311 <br/> personal1.contact2013@gamail.com ', 'room.jpg', '22', '2013-07-21', '2013-08-21', '1', '1'), ('57', '1', '30', 'Christoph-Probst-Stra\'dfe 10', 'Nice room and its too close to Englischer gerden <br/> contact Data <br/> +49 179 1232311 <br/> personal1.contact2013@gamail.com ', 'ro-7126788392314194061.png', '35', '2013-07-21', '2013-09-21', '1', '1'), ('58', '1', '29', 'City center Schillerstra\'dfe 6', 'The room contains a bed, one desk and it is in the third floor without lift <br/> contact Data <br/> +49 179 1232311 <br/> personal1.contact2013@gamail.com ', 'room.jpg', '22', '2013-07-21', '2013-08-21', '1', '1'), ('59', '1', '30', 'Paul-Heyse-Stra\'dfe 24', 'perfect room :-) <br/> contact Data <br/> +49 179 1232311 <br/> personal1.contact2013@gamail.com ', 'ro-3741211621866758646 copy.jpg', '40', '12.09.2013', '25.01.2014', '1', '1'), ('60', '1', '21', 'Paul-Heyse-Stra\'dfe 24', 'perfect room :-) <br/> contact Data <br/> +49 179 1232311 <br/> personal1.contact2013@gamail.com ', 'ro-7126788392314194061.png', '40', '12.09.2013', '25.01.2014', '1', '1'), ('61', '1', '30', 'City center Schillerstra\'dfe 28', '<br/> contact Data <br/> +49 179 1232311 <br/> personal1.contact2013@gamail.com  Please do not make any mess in the room if you want to rent it. Thank you', 'ro-3741211621866758646.jpg', '35', '2013-06-21', '2013-07-21', '1', '1'), ('62', '1', '25', 'Christoph-Probst-Stra\'dfe 10', 'Nice room and its too close to Englischer gerden <br/> contact Data <br/> +49 179 1232311 <br/> personal1.contact2013@gamail.com ', 'ro-7126788392314194061.png', '35', '2013-07-21', '2013-09-21', '1', '1'), ('63', '1', '29', 'City center Schillerstra\'dfe 6', 'The room contains a bed, one desk and it is in the third floor without lift <br/> contact Data <br/> +49 179 1232311 <br/> personal1.contact2013@gamail.com ', 'room.jpg', '22', '2013-07-21', '2013-08-21', '1', '1'), ('64', '1', '29', 'Paul-Heyse-Stra\'dfe 24', 'perfect room :-) <br/> contact Data <br/> +49 179 1232311 <br/> personal1.contact2013@gamail.com ', 'ro-3741211621866758646 copy.jpg', '40', '12.09.2013', '25.01.2014', '1', '1'), ('65', '1', '29', 'Paul-Heyse-Stra\'dfe 24', 'perfect room :-) <br/> contact Data <br/> +49 179 1232311 <br/> personal1.contact2013@gamail.com ', 'ro-7126788392314194061.png', '40', '12.09.2013', '25.01.2014', '1', '1'), ('66', '1', '29', 'Paul-Heyse-Stra\'dfe 24', 'perfect room :-) <br/> contact Data <br/> +49 179 1232311 <br/> personal1.contact2013@gamail.com ', 'ro-3741211621866758646 copy.jpg', '40', '12.09.2013', '25.01.2014', '1', '1'), ('67', '1', '21', 'Paul-Heyse-Stra\'dfe 24', 'perfect room :-) <br/> contact Data <br/> +49 179 1232311 <br/> personal1.contact2013@gamail.com ', 'ro-7126788392314194061.png', '40', '12.09.2013', '25.01.2014', '1', '1'), ('68', '1', '22', 'City center Schillerstra\'dfe 28', '<br/> contact Data <br/> +49 179 1232311 <br/> personal1.contact2013@gamail.com  Please do not make any mess in the room if you want to rent it. Thank you', 'ro-3741211621866758646.jpg', '35', '2013-06-21', '2013-07-21', '1', '1'), ('69', '1', '25', 'Christoph-Probst-Stra\'dfe 10', 'Nice room and its too close to Englischer gerden <br/> contact Data <br/> +49 179 1232311 <br/> personal1.contact2013@gamail.com ', 'ro-7126788392314194061.png', '35', '2013-07-21', '2013-09-21', '1', '1'), ('70', '1', '29', 'City center Schillerstra\'dfe 6', 'The room contains a bed, one desk and it is in the third floor without lift <br/> contact Data <br/> +49 179 1232311 <br/> personal1.contact2013@gamail.com ', 'room.jpg', '22', '2013-07-21', '2013-08-21', '1', '1'), ('71', '1', '21', 'Paul-Heyse-Stra\'dfe 24', 'perfect room :-) <br/> contact Data <br/> +49 179 1232311 <br/> personal1.contact2013@gamail.com ', 'ro-3741211621866758646 copy.jpg', '40', '12.09.2013', '25.01.2014', '1', '1'), ('72', '1', '21', 'Paul-Heyse-Stra\'dfe 24', 'perfect room :-) <br/> contact Data <br/> +49 179 1232311 <br/> personal1.contact2013@gamail.com ', 'ro-7126788392314194061.png', '40', '12.09.2013', '25.01.2014', '1', '1'), ('73', '1', '22', 'City center Schillerstra\'dfe 28', '<br/> contact Data <br/> +49 179 1232311 <br/> personal1.contact2013@gamail.com  Please do not make any mess in the room if you want to rent it. Thank you', 'ro-3741211621866758646.jpg', '35', '2013-06-21', '2013-07-21', '1', '1'), ('74', '1', '22', 'City center Schillerstra\'dfe 28', '<br/> contact Data <br/> +49 179 1232311 <br/> personal1.contact2013@gamail.com  Please do not make any mess in the room if you want to rent it. Thank you', 'ro-3741211621866758646.jpg', '35', '2013-06-21', '2013-07-21', '1', '1'), ('75', '1', '25', 'Christoph-Probst-Stra\'dfe 10', 'Nice room and its too close to Englischer gerden <br/> contact Data <br/> +49 179 1232311 <br/> personal1.contact2013@gamail.com ', 'ro-7126788392314194061.png', '35', '2013-07-21', '2013-09-21', '1', '1'), ('76', '1', '29', 'City center Schillerstra\'dfe 6', 'The room contains a bed, one desk and it is in the third floor without lift <br/> contact Data <br/> +49 179 1232311 <br/> personal1.contact2013@gamail.com ', 'room.jpg', '22', '2013-07-21', '2013-08-21', '1', '1'), ('77', '1', '25', 'Christoph-Probst-Stra\'dfe 10', 'Nice room and its too close to Englischer gerden <br/> contact Data <br/> +49 179 1232311 <br/> personal1.contact2013@gamail.com ', 'ro-7126788392314194061.png', '35', '2013-07-21', '2013-09-21', '1', '1'), ('78', '1', '29', 'City center Schillerstra\'dfe 6', 'The room contains a bed, one desk and it is in the third floor without lift <br/> contact Data <br/> +49 179 1232311 <br/> personal1.contact2013@gamail.com ', 'room.jpg', '22', '2013-07-21', '2013-08-21', '1', '1'), ('79', '1', '21', 'Paul-Heyse-Stra\'dfe 24', 'perfect room :-) <br/> contact Data <br/> +49 179 1232311 <br/> personal1.contact2013@gamail.com ', 'ro-3741211621866758646 copy.jpg', '40', '12.09.2013', '25.01.2014', '1', '1'), ('80', '1', '21', 'Paul-Heyse-Stra\'dfe 24', 'perfect room :-) <br/> contact Data <br/> +49 179 1232311 <br/> personal1.contact2013@gamail.com ', 'ro-7126788392314194061.png', '40', '12.09.2013', '25.01.2014', '1', '1'), ('81', '1', '22', 'City center Schillerstra\'dfe 28', '<br/> contact Data <br/> +49 179 1232311 <br/> personal1.contact2013@gamail.com  Please do not make any mess in the room if you want to rent it. Thank you', 'ro-3741211621866758646.jpg', '35', '2013-06-21', '2013-07-21', '1', '1'), ('82', '1', '25', 'Christoph-Probst-Stra\'dfe 10', 'Nice room and its too close to Englischer gerden <br/> contact Data <br/> +49 179 1232311 <br/> personal1.contact2013@gamail.com ', 'ro-7126788392314194061.png', '35', '2013-07-21', '2013-09-21', '1', '1'), ('83', '1', '29', 'City center Schillerstra\'dfe 6', 'The room contains a bed, one desk and it is in the third floor without lift <br/> contact Data <br/> +49 179 1232311 <br/> personal1.contact2013@gamail.com ', 'room.jpg', '22', '2013-07-21', '2013-08-21', '1', '1'), ('84', '1', '21', 'Paul-Heyse-Stra\'dfe 24', 'perfect room :-) <br/> contact Data <br/> +49 179 1232311 <br/> personal1.contact2013@gamail.com ', 'ro-3741211621866758646 copy.jpg', '40', '12.09.2013', '25.01.2014', '1', '1'), ('85', '1', '21', 'Paul-Heyse-Stra\'dfe 24', 'perfect room :-) <br/> contact Data <br/> +49 179 1232311 <br/> personal1.contact2013@gamail.com ', 'ro-7126788392314194061.png', '40', '12.09.2013', '25.01.2014', '1', '1'), ('86', '1', '21', 'Paul-Heyse-Stra\'dfe 24', 'perfect room :-) <br/> contact Data <br/> +49 179 1232311 <br/> personal1.contact2013@gamail.com ', 'ro-3741211621866758646 copy.jpg', '40', '12.09.2013', '25.01.2014', '1', '1'), ('87', '1', '21', 'Paul-Heyse-Stra\'dfe 24', 'perfect room :-) <br/> contact Data <br/> +49 179 1232311 <br/> personal1.contact2013@gamail.com ', 'ro-7126788392314194061.png', '40', '12.09.2013', '25.01.2014', '1', '1'), ('88', '1', '22', 'City center Schillerstra\'dfe 28', '<br/> contact Data <br/> +49 179 1232311 <br/> personal1.contact2013@gamail.com  Please do not make any mess in the room if you want to rent it. Thank you', 'ro-3741211621866758646.jpg', '35', '2013-06-21', '2013-07-21', '1', '1'), ('89', '1', '25', 'Christoph-Probst-Stra\'dfe 10', 'Nice room and its too close to Englischer gerden <br/> contact Data <br/> +49 179 1232311 <br/> personal1.contact2013@gamail.com ', 'ro-7126788392314194061.png', '35', '2013-07-21', '2013-09-21', '1', '1'), ('90', '1', '29', 'City center Schillerstra\'dfe 6', 'The room contains a bed, one desk and it is in the third floor without lift <br/> contact Data <br/> +49 179 1232311 <br/> personal1.contact2013@gamail.com ', 'room.jpg', '22', '2013-07-21', '2013-08-21', '1', '1'), ('91', '1', '21', 'Paul-Heyse-Stra\'dfe 24', 'perfect room :-) <br/> contact Data <br/> +49 179 1232311 <br/> personal1.contact2013@gamail.com ', 'ro-3741211621866758646 copy.jpg', '40', '12.09.2013', '25.01.2014', '1', '1'), ('92', '1', '21', 'Paul-Heyse-Stra\'dfe 24', 'perfect room :-) <br/> contact Data <br/> +49 179 1232311 <br/> personal1.contact2013@gamail.com ', 'ro-7126788392314194061.png', '40', '12.09.2013', '25.01.2014', '1', '1'), ('93', '1', '22', 'City center Schillerstra\'dfe 28', '<br/> contact Data <br/> +49 179 1232311 <br/> personal1.contact2013@gamail.com  Please do not make any mess in the room if you want to rent it. Thank you', 'ro-3741211621866758646.jpg', '35', '2013-06-21', '2013-07-21', '1', '1'), ('94', '1', '22', 'City center Schillerstra\'dfe 28', '<br/> contact Data <br/> +49 179 1232311 <br/> personal1.contact2013@gamail.com  Please do not make any mess in the room if you want to rent it. Thank you', 'ro-3741211621866758646.jpg', '35', '2013-06-21', '2013-07-21', '1', '1'), ('95', '1', '25', 'Christoph-Probst-Stra\'dfe 10', 'Nice room and its too close to Englischer gerden <br/> contact Data <br/> +49 179 1232311 <br/> personal1.contact2013@gamail.com ', 'ro-7126788392314194061.png', '35', '2013-07-21', '2013-09-21', '1', '1'), ('96', '1', '29', 'City center Schillerstra\'dfe 6', 'The room contains a bed, one desk and it is in the third floor without lift <br/> contact Data <br/> +49 179 1232311 <br/> personal1.contact2013@gamail.com ', 'room.jpg', '22', '2013-07-21', '2013-08-21', '1', '1'), ('97', '1', '25', 'Christoph-Probst-Stra\'dfe 10', 'Nice room and its too close to Englischer gerden <br/> contact Data <br/> +49 179 1232311 <br/> personal1.contact2013@gamail.com ', 'ro-7126788392314194061.png', '35', '2013-07-21', '2013-09-21', '1', '1'), ('98', '1', '29', 'City center Schillerstra\'dfe 6', 'The room contains a bed, one desk and it is in the third floor without lift <br/> contact Data <br/> +49 179 1232311 <br/> personal1.contact2013@gamail.com ', 'room.jpg', '22', '2013-07-21', '2013-08-21', '1', '1'), ('99', '1', '21', 'Paul-Heyse-Stra\'dfe 24', 'perfect room :-) <br/> contact Data <br/> +49 179 1232311 <br/> personal1.contact2013@gamail.com ', 'ro-3741211621866758646 copy.jpg', '40', '12.09.2013', '25.01.2014', '1', '1'), ('100', '1', '21', 'Paul-Heyse-Stra\'dfe 24', 'perfect room :-) <br/> contact Data <br/> +49 179 1232311 <br/> personal1.contact2013@gamail.com ', 'ro-7126788392314194061.png', '40', '12.09.2013', '25.01.2014', '1', '1'), ('101', '1', '22', 'City center Schillerstra\'dfe 28', '<br/> contact Data <br/> +49 179 1232311 <br/> personal1.contact2013@gamail.com  Please do not make any mess in the room if you want to rent it. Thank you', 'ro-3741211621866758646.jpg', '35', '2013-06-21', '2013-07-21', '1', '1'), ('102', '1', '25', 'Christoph-Probst-Stra\'dfe 10', 'Nice room and its too close to Englischer gerden <br/> contact Data <br/> +49 179 1232311 <br/> personal1.contact2013@gamail.com ', 'ro-7126788392314194061.png', '35', '2013-07-21', '2013-09-21', '1', '1'), ('103', '1', '29', 'City center Schillerstra\'dfe 6', 'The room contains a bed, one desk and it is in the third floor without lift <br/> contact Data <br/> +49 179 1232311 <br/> personal1.contact2013@gamail.com ', 'room.jpg', '22', '2013-07-21', '2013-08-21', '1', '1'), ('104', '1', '21', 'Paul-Heyse-Stra\'dfe 24', 'perfect room :-) <br/> contact Data <br/> +49 179 1232311 <br/> personal1.contact2013@gamail.com ', 'ro-3741211621866758646 copy.jpg', '40', '12.09.2013', '25.01.2014', '1', '1'), ('105', '1', '21', 'Paul-Heyse-Stra\'dfe 24', 'perfect room :-) <br/> contact Data <br/> +49 179 1232311 <br/> personal1.contact2013@gamail.com ', 'ro-7126788392314194061.png', '40', '12.09.2013', '25.01.2014', '1', '1'), ('106', '1', '21', 'Paul-Heyse-Stra\'dfe 24', 'perfect room :-) <br/> contact Data <br/> +49 179 1232311 <br/> personal1.contact2013@gamail.com ', 'ro-3741211621866758646 copy.jpg', '40', '12.09.2013', '25.01.2014', '1', '1'), ('107', '1', '21', 'Paul-Heyse-Stra\'dfe 24', 'perfect room :-) <br/> contact Data <br/> +49 179 1232311 <br/> personal1.contact2013@gamail.com ', 'ro-7126788392314194061.png', '40', '12.09.2013', '25.01.2014', '1', '1'), ('108', '1', '22', 'City center Schillerstra\'dfe 28', '<br/> contact Data <br/> +49 179 1232311 <br/> personal1.contact2013@gamail.com  Please do not make any mess in the room if you want to rent it. Thank you', 'ro-3741211621866758646.jpg', '35', '2013-06-21', '2013-07-21', '1', '1'), ('109', '1', '25', 'Christoph-Probst-Stra\'dfe 10', 'Nice room and its too close to Englischer gerden <br/> contact Data <br/> +49 179 1232311 <br/> personal1.contact2013@gamail.com ', 'ro-7126788392314194061.png', '35', '2013-07-21', '2013-09-21', '1', '1'), ('110', '1', '29', 'City center Schillerstra\'dfe 6', 'The room contains a bed, one desk and it is in the third floor without lift <br/> contact Data <br/> +49 179 1232311 <br/> personal1.contact2013@gamail.com ', 'room.jpg', '22', '2013-07-21', '2013-08-21', '1', '1'), ('111', '1', '21', 'Paul-Heyse-Stra\'dfe 24', 'perfect room :-) <br/> contact Data <br/> +49 179 1232311 <br/> personal1.contact2013@gamail.com ', 'ro-3741211621866758646 copy.jpg', '40', '12.09.2013', '25.01.2014', '1', '1');
COMMIT;

-- ----------------------------
--  Table structure for `saleoffer`
-- ----------------------------
DROP TABLE IF EXISTS `saleoffer`;
CREATE TABLE `saleoffer` (
  `id` bigint(11) NOT NULL AUTO_INCREMENT,
  `student_id` bigint(20) DEFAULT NULL,
  `category_id` bigint(20) DEFAULT NULL,
  `headline` varchar(250) DEFAULT NULL,
  `description` text,
  `image` varchar(300) DEFAULT NULL,
  `price` float DEFAULT NULL,
  `isSold` int(11) DEFAULT NULL,
  `SoldBy_id` bigint(20) DEFAULT NULL,
  PRIMARY KEY (`id`),
  KEY `FK70859E354407EC46` (`SoldBy_id`),
  KEY `FK70859E355FBB0C36` (`student_id`),
  CONSTRAINT `FK70859E354407EC46` FOREIGN KEY (`SoldBy_id`) REFERENCES `student` (`id`),
  CONSTRAINT `FK70859E355FBB0C36` FOREIGN KEY (`student_id`) REFERENCES `student` (`id`)
) ENGINE=InnoDB AUTO_INCREMENT=137 DEFAULT CHARSET=utf8;

-- ----------------------------
--  Records of `saleoffer`
-- ----------------------------
BEGIN;
INSERT INTO `saleoffer` VALUES ('2', '2', '9', 'Apple mac pro', 'apple mac pro  17\"\r\n8GB Ram \r\n500 HDD\r\n\r\n', 'tr-5222733591785467327.jpg', '600', '0', '2'), ('4', '2', '9', 'Dell Labtop', 'apple mac pro  17\"\r\n8GB Ram \r\n500 HDD\r\n\r\n', 'tr-5222733591785467327.jpg', '600', '0', '2'), ('6', '2', '9', 'Acer LabTop', 'apple mac pro  17\"\r\n8GB Ram \r\n500 HDD\r\n\r\n', 'tr-5222733591785467327.jpg', '600', '0', '2'), ('7', '2', '9', 'iBM LabTop', 'apple mac pro  17\"\r\n8GB Ram \r\n500 HDD\r\n\r\n', 'tr-5222733591785467327.jpg', '600', '0', '2'), ('9', '2', '9', 'HP lABTOP', 'apple mac pro  17\"\r\n8GB Ram \r\n500 HDD\r\n\r\n', 'tr-5222733591785467327.jpg', '600', '0', '2'), ('10', '2', '9', 'Apple mac pro', 'apple mac pro  17\"\r\n8GB Ram \r\n500 HDD\r\n\r\n', 'tr-5222733591785467327.jpg', '600', '0', '2'), ('11', '2', '9', 'Apple mac pro', 'apple mac pro  17\"\r\n8GB Ram \r\n500 HDD\r\n\r\n', 'tr-5222733591785467327.jpg', '600', '0', '2'), ('12', '2', '9', 'Apple mac pro', 'apple mac pro  17\"\r\n8GB Ram \r\n500 HDD\r\n\r\n', 'tr-5222733591785467327.jpg', '600', '0', '2'), ('16', '2', '10', 'iPHONE 5', 'IPHONE 5 NOT USED WITH THE COVER AND ALL RELATED STUFF', 'tr-8900366171996741745.jpeg', '500', '0', '2'), ('17', '2', '10', 'Android Mobile', 'IPHONE 5 NOT USED WITH THE COVER AND ALL RELATED STUFF', 'tr-8900366171996741745.jpeg', '500', '0', '2'), ('18', '2', '10', 'iPHONE 5', 'IPHONE 5 NOT USED WITH THE COVER AND ALL RELATED STUFF', 'tr-8900366171996741745.jpeg', '500', '0', '2'), ('19', '2', '10', 'iPHONE 5', 'IPHONE 5 NOT USED WITH THE COVER AND ALL RELATED STUFF', 'tr-8900366171996741745.jpeg', '500', '0', '2'), ('21', '2', '10', 'Nokia', 'IPHONE 5 NOT USED WITH THE COVER AND ALL RELATED STUFF', 'tr-8900366171996741745.jpeg', '500', '0', '2'), ('22', '2', '10', 'iPHONE 5', 'IPHONE 5 NOT USED WITH THE COVER AND ALL RELATED STUFF', 'tr-8900366171996741745.jpeg', '500', '0', '2'), ('23', '2', '10', 'iPHONE 5', 'IPHONE 5 NOT USED WITH THE COVER AND ALL RELATED STUFF', 'tr-8900366171996741745.jpeg', '500', '0', '2'), ('24', '2', '10', 'Galaxy', 'IPHONE 5 NOT USED WITH THE COVER AND ALL RELATED STUFF', 'tr-8900366171996741745.jpeg', '500', '0', '2'), ('28', '2', '10', 'iPHONE 5', 'IPHONE 5 NOT USED WITH THE COVER AND ALL RELATED STUFF', 'tr-8900366171996741745.jpeg', '500', '0', '2'), ('29', '2', '10', 'Nokia', 'IPHONE 5 NOT USED WITH THE COVER AND ALL RELATED STUFF', 'tr-8900366171996741745.jpeg', '500', '0', '2'), ('30', '2', '10', 'iPHONE 5', 'IPHONE 5 NOT USED WITH THE COVER AND ALL RELATED STUFF', 'tr-8900366171996741745.jpeg', '500', '0', '2'), ('31', '2', '10', 'Nokia', 'IPHONE 5 NOT USED WITH THE COVER AND ALL RELATED STUFF', 'tr-8900366171996741745.jpeg', '500', '0', '2'), ('32', '2', '10', 'iPHONE 5', 'IPHONE 5 NOT USED WITH THE COVER AND ALL RELATED STUFF', 'tr-8900366171996741745.jpeg', '500', '0', '2'), ('33', '2', '10', 'iPHONE 5', 'IPHONE 5 NOT USED WITH THE COVER AND ALL RELATED STUFF', 'tr-8900366171996741745.jpeg', '500', '0', '2'), ('34', '2', '10', 'Nokia', 'IPHONE 5 NOT USED WITH THE COVER AND ALL RELATED STUFF', 'tr-8900366171996741745.jpeg', '500', '0', '2'), ('35', '2', '10', 'iPHONE 5', 'IPHONE 5 NOT USED WITH THE COVER AND ALL RELATED STUFF', 'tr-8900366171996741745.jpeg', '500', '0', '2'), ('43', '2', '10', 'Android Mobile', 'IPHONE 5 NOT USED WITH THE COVER AND ALL RELATED STUFF', 'tr-8900366171996741745.jpeg', '500', '0', '2'), ('44', '2', '10', 'iPHONE 5', 'IPHONE 5 NOT USED WITH THE COVER AND ALL RELATED STUFF', 'tr-8900366171996741745.jpeg', '500', '0', '2'), ('45', '2', '10', 'Nokia', 'IPHONE 5 NOT USED WITH THE COVER AND ALL RELATED STUFF', 'tr-8900366171996741745.jpeg', '500', '0', '2'), ('46', '2', '10', 'iPHONE 5', 'IPHONE 5 NOT USED WITH THE COVER AND ALL RELATED STUFF', 'tr-8900366171996741745.jpeg', '500', '0', '2'), ('47', '2', '10', 'Nokia', 'IPHONE 5 NOT USED WITH THE COVER AND ALL RELATED STUFF', 'tr-8900366171996741745.jpeg', '500', '0', '2'), ('48', '2', '10', 'iPHONE 5', 'IPHONE 5 NOT USED WITH THE COVER AND ALL RELATED STUFF', 'tr-8900366171996741745.jpeg', '500', '0', '2'), ('49', '2', '10', 'Nokia', 'IPHONE 5 NOT USED WITH THE COVER AND ALL RELATED STUFF', 'tr-8900366171996741745.jpeg', '500', '0', '2'), ('50', '2', '10', 'iPHONE 5', 'IPHONE 5 NOT USED WITH THE COVER AND ALL RELATED STUFF', 'tr-8900366171996741745.jpeg', '500', '0', '2'), ('51', '2', '10', 'iPHONE 5', 'IPHONE 5 NOT USED WITH THE COVER AND ALL RELATED STUFF', 'tr-8900366171996741745.jpeg', '500', '0', '2'), ('52', '2', '10', 'Android Mobile', 'IPHONE 5 NOT USED WITH THE COVER AND ALL RELATED STUFF', 'tr-8900366171996741745.jpeg', '500', '0', '2'), ('53', '2', '10', 'iPHONE 5', 'IPHONE 5 NOT USED WITH THE COVER AND ALL RELATED STUFF', 'tr-8900366171996741745.jpeg', '500', '0', '2'), ('54', '2', '10', 'iPHONE 5', 'IPHONE 5 NOT USED WITH THE COVER AND ALL RELATED STUFF', 'tr-8900366171996741745.jpeg', '500', '0', '2'), ('55', '2', '10', 'Nokia', 'IPHONE 5 NOT USED WITH THE COVER AND ALL RELATED STUFF', 'tr-8900366171996741745.jpeg', '500', '0', '2'), ('56', '2', '10', 'iPHONE 5', 'IPHONE 5 NOT USED WITH THE COVER AND ALL RELATED STUFF', 'tr-8900366171996741745.jpeg', '500', '0', '2'), ('57', '2', '10', 'iPHONE 5', 'IPHONE 5 NOT USED WITH THE COVER AND ALL RELATED STUFF', 'tr-8900366171996741745.jpeg', '500', '0', '2'), ('58', '2', '10', 'Android Mobile', 'IPHONE 5 NOT USED WITH THE COVER AND ALL RELATED STUFF', 'tr-8900366171996741745.jpeg', '500', '0', '2'), ('74', '2', '10', 'iPHONE 5', 'IPHONE 5 NOT USED WITH THE COVER AND ALL RELATED STUFF', 'tr-8900366171996741745.jpeg', '500', '0', '2'), ('75', '2', '10', 'iPHONE 5', 'IPHONE 5 NOT USED WITH THE COVER AND ALL RELATED STUFF', 'tr-8900366171996741745.jpeg', '500', '0', '2'), ('76', '2', '10', 'Nokia', 'IPHONE 5 NOT USED WITH THE COVER AND ALL RELATED STUFF', 'tr-8900366171996741745.jpeg', '500', '0', '2'), ('77', '2', '10', 'iPHONE 5', 'IPHONE 5 NOT USED WITH THE COVER AND ALL RELATED STUFF', 'tr-8900366171996741745.jpeg', '500', '0', '2'), ('78', '2', '10', 'iPHONE 5', 'IPHONE 5 NOT USED WITH THE COVER AND ALL RELATED STUFF', 'tr-8900366171996741745.jpeg', '500', '0', '2'), ('79', '2', '10', 'Nokia', 'IPHONE 5 NOT USED WITH THE COVER AND ALL RELATED STUFF', 'tr-8900366171996741745.jpeg', '500', '0', '2'), ('80', '2', '10', 'iPHONE 5', 'IPHONE 5 NOT USED WITH THE COVER AND ALL RELATED STUFF', 'tr-8900366171996741745.jpeg', '500', '0', '2'), ('81', '2', '10', 'iPHONE 5s', 'IPHONE 5 NOT USED WITH THE COVER AND ALL RELATED STUFF', 'tr-8900366171996741745.jpeg', '500', '0', '2'), ('82', '2', '10', 'iPHONE 5', 'IPHONE 5 NOT USED WITH THE COVER AND ALL RELATED STUFF', 'tr-8900366171996741745.jpeg', '500', '0', '2'), ('83', '2', '10', 'Nokia', 'IPHONE 5 NOT USED WITH THE COVER AND ALL RELATED STUFF', 'tr-8900366171996741745.jpeg', '500', '0', '2'), ('84', '2', '10', 'iPHONE 5', 'IPHONE 5 NOT USED WITH THE COVER AND ALL RELATED STUFF', 'tr-8900366171996741745.jpeg', '500', '0', '2'), ('85', '2', '10', 'iPHONE 5s', 'IPHONE 5 NOT USED WITH THE COVER AND ALL RELATED STUFF', 'tr-8900366171996741745.jpeg', '500', '0', '2'), ('86', '2', '10', 'iPHONE 5', 'IPHONE 5 NOT USED WITH THE COVER AND ALL RELATED STUFF', 'tr-8900366171996741745.jpeg', '500', '0', '2'), ('87', '2', '10', 'iPHONE 5', 'IPHONE 5 NOT USED WITH THE COVER AND ALL RELATED STUFF', 'tr-8900366171996741745.jpeg', '500', '0', '2'), ('88', '2', '10', 'Nokia', 'IPHONE 5 NOT USED WITH THE COVER AND ALL RELATED STUFF', 'tr-8900366171996741745.jpeg', '500', '0', '2'), ('89', '2', '10', 'iPHONE 5', 'IPHONE 5 NOT USED WITH THE COVER AND ALL RELATED STUFF', 'tr-8900366171996741745.jpeg', '500', '0', '2'), ('90', '2', '10', 'iPHONE 5', 'IPHONE 5 NOT USED WITH THE COVER AND ALL RELATED STUFF', 'tr-8900366171996741745.jpeg', '500', '0', '2'), ('91', '2', '10', 'Nokia', 'IPHONE 5 NOT USED WITH THE COVER AND ALL RELATED STUFF', 'tr-8900366171996741745.jpeg', '500', '0', '2'), ('92', '2', '10', 'iPHONE 5', 'IPHONE 5 NOT USED WITH THE COVER AND ALL RELATED STUFF', 'tr-8900366171996741745.jpeg', '500', '0', '2'), ('93', '2', '10', 'Nokia', 'IPHONE 5 NOT USED WITH THE COVER AND ALL RELATED STUFF', 'tr-8900366171996741745.jpeg', '500', '0', '2'), ('94', '2', '10', 'iPHONE 5', 'IPHONE 5 NOT USED WITH THE COVER AND ALL RELATED STUFF', 'tr-8900366171996741745.jpeg', '500', '0', '2'), ('95', '2', '10', 'iPHONE 5', 'IPHONE 5 NOT USED WITH THE COVER AND ALL RELATED STUFF', 'tr-8900366171996741745.jpeg', '500', '0', '2'), ('96', '2', '10', 'iPHONE 4s', 'IPHONE 5 NOT USED WITH THE COVER AND ALL RELATED STUFF', 'tr-8900366171996741745.jpeg', '500', '0', '2'), ('97', '2', '10', 'iPHONE 5', 'IPHONE 5 NOT USED WITH THE COVER AND ALL RELATED STUFF', 'tr-8900366171996741745.jpeg', '500', '0', '2'), ('98', '2', '10', 'iPHONE 3s', 'IPHONE 5 NOT USED WITH THE COVER AND ALL RELATED STUFF', 'tr-8900366171996741745.jpeg', '500', '0', '2'), ('99', '2', '10', 'Android Mobile', 'IPHONE 5 NOT USED WITH THE COVER AND ALL RELATED STUFF', 'tr-8900366171996741745.jpeg', '500', '0', '2'), ('100', '2', '10', 'iPHONE 5', 'IPHONE 5 NOT USED WITH THE COVER AND ALL RELATED STUFF', 'tr-8900366171996741745.jpeg', '500', '0', '2'), ('101', '2', '10', 'Nokia', 'IPHONE 5 NOT USED WITH THE COVER AND ALL RELATED STUFF', 'tr-8900366171996741745.jpeg', '500', '0', '2'), ('102', '2', '10', 'iPHONE 5', 'IPHONE 5 NOT USED WITH THE COVER AND ALL RELATED STUFF', 'tr-8900366171996741745.jpeg', '500', '0', '2'), ('103', '2', '10', 'iPHONE 5', 'IPHONE 5 NOT USED WITH THE COVER AND ALL RELATED STUFF', 'tr-8900366171996741745.jpeg', '500', '0', '2'), ('104', '2', '10', 'iPHONE 4s', 'IPHONE 5 NOT USED WITH THE COVER AND ALL RELATED STUFF', 'tr-8900366171996741745.jpeg', '500', '0', '2'), ('105', '2', '10', 'iPHONE 5', 'IPHONE 5 NOT USED WITH THE COVER AND ALL RELATED STUFF', 'tr-8900366171996741745.jpeg', '500', '0', '2');
COMMIT;

SET FOREIGN_KEY_CHECKS = 1;
